{
  "id": "necrobiozz",
  "title": "TTRPG Necrobiozz",
  "description": "Игра про мертвецов от студии Ex_Nihilum",
  "version": "1.4",
  "compatibility": {
    "minimum": 10,
    "verified": 10.291
  },
  "authors": [
    {
      "name": "Nikita Belov",
      "email": "comAT0Zz@gmail.com"
    }
  ],
  "relationships": {
    "systems": [
    ],
    "requires": [
    ]
  },
  "esmodules": [
    "module/necrobiozz.js"
  ],
  "styles": [
    "styles/necrobiozz.css"
  ],
  "packs": [
    {
      "name": "items",
      "label": "Предметы",
      "system": "necrobiozz",
      "path": "packs/items.db",
      "type": "Item"
    },{
      "name": "injuries",
      "label": "Травмы",
      "system": "necrobiozz",
      "path": "packs/injuries.db",
      "type": "Item"
    }
  ],
  "languages": [
    {
      "lang": "ru",
      "name": "Russian",
      "path": "lang/ru.json"
    }
  ],
  "socket": true,
  "gridDistance": 1,
  "gridUnits": "m",

  "url": "https://github.com/comat0zz/FVTT10_Necrobiozz",
  "manifest": "https://github.com/comat0zz/FVTT10_Necrobiozz/releases/latest/download/system.json",
  "download": "https://github.com/comat0zz/FVTT10_Necrobiozz/releases/latest/download/necrobiozz.zip"
}