{
  "Actor": {
    "types": [
      "hero",
      "enemy"
    ],
    "templates": {
      "baseActor": {
        "description": ""
      }
    },
    "hero": {
      "templates": ["baseActor"],
      "ammunition": 0,
      "attrs": {
        "agr": {
          "max": 0,
          "curr": 0
        },
        "agi": {
          "max": 0,
          "curr": 0
        },
        "int": {
          "max": 0,
          "curr": 0
        }, 
        "srv": {
          "max": 0,
          "curr": 0
        },
        "brains": 0
      },
      "equips": [],
      "equipsNotes": {
        "notes1": "",
        "notes2": "",
        "notes3": "",
        "notes4": "",
        "notes5": "",
        "notes6": "",
        "notes7": ""
      },
      "skills": {
        "Common": {
          "fastheal": false, 
          "masspl": false,
          "masspl_2": false,
          "masspl_3": false,   
          "regen": false, 
          "fastinf": false, 
          "necrospore": false, 
          "puthand": false, 
          "puthand_2": false, 
          "puthand_3": false, 
          "flair": false, 
          "infyey": false, 
          "selfsom": false, 
          "deadface": false, 
          "nohangry": false
        },
        "Agresses": {
          "str": false, 
          "gromila": false, 
          "arm": false, 
          "kogti": false, 
          "blades": false, 
          "argghh": false, 
          "electric": false, 
          "emizom": false
        },
        "Agilities": {
          "hvat": false, 
          "oplet": false, 
          "acidplui": false, 
          "acidblood": false, 
          "acidslun": false, 
          "fastzomb": false, 
          "prigun": false, 
          "stenolaz": false, 
          "gracia": false, 
          "eska": false
        },
        "Intelegent": {
          "openself": false, 
          "upyp": false, 
          "engeneer": false, 
          "iunder": false, 
          "write": false, 
          "ispeek": false, 
          "listen": false, 
          "leader": false, 
          "kuklo": false, 
          "vudlo": false, 
          "iron": false, 
          "horde": false, 
          "itsbrains": false, 
          "nasled": false, 
          "brain": false, 
          "beiblya": false, 
          "piu": false, 
          "oekr": false, 
          "necrosaper": false
        }
      },
      "supervisor": "",
      "code": "",
      "hordes": {
        "hp": 3,
        "dmg": 1,
        "size": {
          "max": 0,
          "curr": 0
        }
      }
    },
    "enemy": {
      "templates": ["baseActor"],
      "strength": 0
    }
  },
  "Item": {
    "types": [
      "weapon",
      "armor",
      "equipment",
      "injuries"
    ],
    "templates":{
      "base": {
        "description": ""
      }
    },
    "weapon": {
      "templates": ["base"],
      "diceDamage": "",
      "distance": "all",
      "props": {
        "isTraumatic": false,
        "valTraumatic": 0,
        "isSingleShot": false,
        "isSilent": false,
        "isRecharge": false,
        "isAmmo": false
      }
    },
    "armor": {
      "templates": ["base"],
      "survVal": 0,
      "isSurval": false
    },
    "equipment": {
      "templates": ["base"]
    },
    "injuries": {
      "templates": ["base"]
    }
  }
}